SlNo,State_Code,State,District_Key,District,Confirmed,Active,Recovered,Deceased,Migrated_Other,Delta_Confirmed,Delta_Active,Delta_Recovered,Delta_Deceased,District_Notes,Last_Updated
0,UN,State Unassigned,UN_Unassigned,Unassigned,8112,8112,0,0,0,126,126,0,0,,
1,AN,Andaman and Nicobar Islands,AN_Nicobars,Nicobars,0,0,0,0,0,0,0,0,0,,
2,AN,Andaman and Nicobar Islands,AN_North and Middle Andaman,North and Middle Andaman,1,0,1,0,0,0,0,0,0,,
3,AN,Andaman and Nicobar Islands,AN_South Andaman,South Andaman,35,3,32,0,0,0,0,0,0,,
0,AP,Andhra Pradesh,AP_Foreign Evacuees,Foreign Evacuees,364,285,79,0,0,12,-12,24,0,,
4,AP,Andhra Pradesh,AP_Anantapur,Anantapur,1028,674,347,7,0,90,53,37,0,,
5,AP,Andhra Pradesh,AP_Chittoor,Chittoor,657,367,284,6,0,40,31,9,0,,
6,AP,Andhra Pradesh,AP_East Godavari,East Godavari,760,450,305,5,0,54,42,12,0,,
7,AP,Andhra Pradesh,AP_Guntur,Guntur,891,376,501,14,0,39,37,0,2,,
8,AP,Andhra Pradesh,AP_Krishna,Krishna,1132,575,514,43,0,36,26,7,3,,
9,AP,Andhra Pradesh,AP_Kurnool,Kurnool,1483,634,807,42,0,76,42,30,4,,
0,AP,Andhra Pradesh,AP_Other State,Other State,1661,673,988,0,0,37,20,17,0,,
10,AP,Andhra Pradesh,AP_Prakasam,Prakasam,200,98,100,2,0,8,8,0,0,,
11,AP,Andhra Pradesh,AP_S.P.S. Nellore,S.P.S. Nellore,493,194,295,4,0,9,-4,13,0,,
12,AP,Andhra Pradesh,AP_Srikakulam,Srikakulam,60,36,22,2,0,0,-1,0,1,,
13,AP,Andhra Pradesh,AP_Visakhapatnam,Visakhapatnam,367,179,186,2,0,41,33,8,0,,
14,AP,Andhra Pradesh,AP_Vizianagaram,Vizianagaram,94,63,31,0,0,3,3,0,0,,
15,AP,Andhra Pradesh,AP_West Godavari,West Godavari,663,547,115,1,0,28,28,0,0,,
16,AP,Andhra Pradesh,AP_Y.S.R. Kadapa,Y.S.R. Kadapa,478,272,205,1,0,24,-6,30,0,,
17,AR,Arunachal Pradesh,AR_Anjaw,Anjaw,0,0,0,0,0,0,0,0,0,,
18,AR,Arunachal Pradesh,AR_Changlang,Changlang,76,60,16,0,0,0,0,0,0,,
19,AR,Arunachal Pradesh,AR_East Kameng,East Kameng,0,0,0,0,0,0,0,0,0,,
20,AR,Arunachal Pradesh,AR_East Siang,East Siang,9,5,4,0,0,0,0,0,0,,
21,AR,Arunachal Pradesh,AR_Kamle,Kamle,0,0,0,0,0,0,0,0,0,,
22,AR,Arunachal Pradesh,AR_Kra Daadi,Kra Daadi,0,0,0,0,0,0,0,0,0,,
23,AR,Arunachal Pradesh,AR_Kurung Kumey,Kurung Kumey,0,0,0,0,0,0,0,0,0,,
24,AR,Arunachal Pradesh,AR_Lepa Rada,Lepa Rada,1,1,0,0,0,0,0,0,0,,
25,AR,Arunachal Pradesh,AR_Lohit,Lohit,4,2,2,0,0,0,0,0,0,,
26,AR,Arunachal Pradesh,AR_Longding,Longding,3,2,1,0,0,0,0,0,0,,
27,AR,Arunachal Pradesh,AR_Lower Dibang Valley,Lower Dibang Valley,3,2,1,0,0,0,0,0,0,,
28,AR,Arunachal Pradesh,AR_Lower Siang,Lower Siang,1,1,0,0,0,0,0,0,0,,
29,AR,Arunachal Pradesh,AR_Lower Subansiri,Lower Subansiri,0,0,0,0,0,0,0,0,0,,
30,AR,Arunachal Pradesh,AR_Namsai,Namsai,4,2,2,0,0,0,0,0,0,,
31,AR,Arunachal Pradesh,AR_Pakke Kessang,Pakke Kessang,1,0,1,0,0,0,0,0,0,,
32,AR,Arunachal Pradesh,AR_Papum Pare,Papum Pare,37,29,8,0,0,0,0,0,0,,
33,AR,Arunachal Pradesh,AR_Shi Yomi,Shi Yomi,0,0,0,0,0,0,0,0,0,,
34,AR,Arunachal Pradesh,AR_Siang,Siang,0,0,0,0,0,0,0,0,0,,
35,AR,Arunachal Pradesh,AR_Tawang,Tawang,2,2,0,0,0,0,0,0,0,,
36,AR,Arunachal Pradesh,AR_Tirap,Tirap,3,2,1,0,0,0,0,0,0,,
37,AR,Arunachal Pradesh,AR_Upper Dibang Valley,Upper Dibang Valley,0,0,0,0,0,0,0,0,0,,
38,AR,Arunachal Pradesh,AR_Upper Siang,Upper Siang,1,0,1,0,0,0,0,0,0,,
39,AR,Arunachal Pradesh,AR_Upper Subansiri,Upper Subansiri,0,0,0,0,0,0,0,0,0,,
40,AR,Arunachal Pradesh,AR_West Kameng,West Kameng,12,12,0,0,0,0,0,0,0,,
41,AR,Arunachal Pradesh,AR_West Siang,West Siang,1,0,1,0,0,0,0,0,0,,
0,AS,Assam,AS_Airport Quarantine,Airport Quarantine,4,4,0,0,0,0,0,0,0,,
42,AS,Assam,AS_Baksa,Baksa,77,77,0,0,0,0,0,0,0,,
43,AS,Assam,AS_Barpeta,Barpeta,147,92,55,0,0,0,0,0,0,,
44,AS,Assam,AS_Biswanath,Biswanath,56,40,16,0,0,0,0,0,0,,
45,AS,Assam,AS_Bongaigaon,Bongaigaon,24,17,7,0,0,0,0,0,0,,
46,AS,Assam,AS_Cachar,Cachar,98,16,82,0,0,0,0,0,0,,
47,AS,Assam,AS_Charaideo,Charaideo,16,16,0,0,0,0,0,0,0,,
48,AS,Assam,AS_Chirang,Chirang,52,52,0,0,0,0,0,0,0,,
49,AS,Assam,AS_Darrang,Darrang,102,102,0,0,0,0,0,0,0,,
50,AS,Assam,AS_Dhemaji,Dhemaji,94,88,6,0,0,0,0,0,0,,
51,AS,Assam,AS_Dhubri,Dhubri,330,325,5,0,0,0,0,0,0,,
52,AS,Assam,AS_Dibrugarh,Dibrugarh,72,67,5,0,0,0,0,0,0,,
53,AS,Assam,AS_Dima Hasao,Dima Hasao,89,80,9,0,0,0,0,0,0,,
54,AS,Assam,AS_Goalpara,Goalpara,57,38,4,0,0,0,0,0,0,,
55,AS,Assam,AS_Golaghat,Golaghat,272,184,88,0,0,0,0,0,0,,
56,AS,Assam,AS_Hailakandi,Hailakandi,78,72,5,1,0,0,0,0,0,,
57,AS,Assam,AS_Hojai,Hojai,267,267,0,0,0,0,0,0,0,,
58,AS,Assam,AS_Jorhat,Jorhat,139,85,54,0,0,0,0,0,0,,
59,AS,Assam,AS_Kamrup,Kamrup,212,191,21,0,0,0,0,0,0,,
60,AS,Assam,AS_Kamrup Metropolitan,Kamrup Metropolitan,691,304,383,4,0,0,0,0,0,,
61,AS,Assam,AS_Karbi Anglong,Karbi Anglong,39,32,7,0,0,0,0,0,0,,
62,AS,Assam,AS_Karimganj,Karimganj,99,79,20,0,0,0,0,0,0,,
63,AS,Assam,AS_Kokrajhar,Kokrajhar,83,73,10,0,0,0,0,0,0,,
64,AS,Assam,AS_Lakhimpur,Lakhimpur,82,76,6,0,0,0,0,0,0,,
65,AS,Assam,AS_Majuli,Majuli,21,21,0,0,0,0,0,0,0,,
66,AS,Assam,AS_Morigaon,Morigaon,49,21,28,0,0,0,0,0,0,,
67,AS,Assam,AS_Nagaon,Nagaon,327,302,25,0,0,0,0,0,0,,
68,AS,Assam,AS_Nalbari,Nalbari,26,17,9,0,0,0,0,0,0,,
0,AS,Assam,AS_Other State,Other State,1,0,1,0,0,0,0,0,0,,
69,AS,Assam,AS_Sivasagar,Sivasagar,29,3,26,0,0,0,0,0,0,,
70,AS,Assam,AS_Sonitpur,Sonitpur,84,49,35,0,0,0,0,0,0,,
71,AS,Assam,AS_South Salmara Mankachar,South Salmara Mankachar,7,6,1,0,0,0,0,0,0,,
72,AS,Assam,AS_Tinsukia,Tinsukia,104,98,6,0,0,0,0,0,0,,
73,AS,Assam,AS_Udalguri,Udalguri,105,103,2,0,0,0,0,0,0,,
74,AS,Assam,AS_West Karbi Anglong,West Karbi Anglong,28,28,0,0,0,0,0,0,0,,
75,BR,Bihar,BR_Araria,Araria,103,20,82,1,0,0,0,0,0,,
76,BR,Bihar,BR_Arwal,Arwal,95,28,67,0,0,4,4,0,0,,
77,BR,Bihar,BR_Aurangabad,Aurangabad,181,53,127,1,0,7,7,0,0,,
78,BR,Bihar,BR_Banka,Banka,222,54,168,0,0,1,1,0,0,,
79,BR,Bihar,BR_Begusarai,Begusarai,348,59,285,4,0,0,0,0,0,,
80,BR,Bihar,BR_Bhagalpur,Bhagalpur,377,58,318,1,0,6,-7,13,0,,
81,BR,Bihar,BR_Bhojpur,Bhojpur,164,25,137,2,0,4,4,0,0,,
82,BR,Bihar,BR_Buxar,Buxar,205,60,145,0,0,0,0,0,0,,
83,BR,Bihar,BR_Darbhanga,Darbhanga,271,107,159,5,0,4,4,0,0,,
101,BR,Bihar,BR_East Champaran,East Champaran,167,16,150,1,0,0,0,0,0,,
84,BR,Bihar,BR_Gaya,Gaya,184,43,139,2,0,12,6,6,0,,
85,BR,Bihar,BR_Gopalganj,Gopalganj,217,43,174,0,0,0,0,0,0,,
86,BR,Bihar,BR_Jamui,Jamui,61,13,47,1,0,0,0,0,0,,
87,BR,Bihar,BR_Jehanabad,Jehanabad,222,30,190,2,0,0,-2,2,0,,
88,BR,Bihar,BR_Kaimur,Kaimur,149,63,86,0,0,0,0,0,0,,
89,BR,Bihar,BR_Katihar,Katihar,272,40,231,1,0,2,2,0,0,,
90,BR,Bihar,BR_Khagaria,Khagaria,296,10,283,3,0,0,-11,11,0,,
91,BR,Bihar,BR_Kishanganj,Kishanganj,146,27,119,0,0,0,0,0,0,,
92,BR,Bihar,BR_Lakhisarai,Lakhisarai,96,29,67,0,0,5,5,0,0,,
93,BR,Bihar,BR_Madhepura,Madhepura,162,27,134,1,0,0,0,0,0,,
94,BR,Bihar,BR_Madhubani,Madhubani,394,218,175,1,0,6,6,0,0,,
95,BR,Bihar,BR_Munger,Munger,309,49,259,1,0,1,1,0,0,,
96,BR,Bihar,BR_Muzaffarpur,Muzaffarpur,239,65,172,2,0,25,25,0,0,,
97,BR,Bihar,BR_Nalanda,Nalanda,181,30,148,3,0,3,0,3,0,,
98,BR,Bihar,BR_Nawada,Nawada,217,27,188,2,0,0,-5,5,0,,
100,BR,Bihar,BR_Patna,Patna,485,194,287,4,0,4,3,0,1,,
102,BR,Bihar,BR_Purnia,Purnia,268,46,222,0,0,0,-6,6,0,,
103,BR,Bihar,BR_Rohtas,Rohtas,316,45,270,1,0,0,0,0,0,,
104,BR,Bihar,BR_Saharsa,Saharsa,156,64,92,0,0,3,3,0,0,,
105,BR,Bihar,BR_Samastipur,Samastipur,286,134,150,2,0,7,-21,28,0,,
106,BR,Bihar,BR_Saran,Saran,187,47,135,5,0,1,1,0,0,,
107,BR,Bihar,BR_Sheikhpura,Sheikhpura,133,30,103,0,0,1,1,0,0,,
108,BR,Bihar,BR_Sheohar,Sheohar,78,8,69,1,0,0,0,0,0,,
109,BR,Bihar,BR_Sitamarhi,Sitamarhi,130,14,114,2,0,1,1,0,0,,
110,BR,Bihar,BR_Siwan,Siwan,380,161,217,2,0,29,29,0,0,,
111,BR,Bihar,BR_Supaul,Supaul,210,31,179,0,0,4,4,0,0,,
112,BR,Bihar,BR_Vaishali,Vaishali,139,34,102,3,0,0,0,0,0,,
99,BR,Bihar,BR_West Champaran,West Champaran,134,17,116,1,0,0,-5,5,0,,
113,CH,Chandigarh,CH_Chandigarh,Chandigarh,420,92,322,6,0,2,2,0,0,,
0,CT,Chhattisgarh,CT_Other State,Other State,1,0,1,0,0,0,0,0,0,,
114,CT,Chhattisgarh,CT_Balod,Balod,44,3,41,0,0,0,0,0,0,,
115,CT,Chhattisgarh,CT_Baloda Bazar,Baloda Bazar,223,90,133,0,0,0,-4,4,0,,
116,CT,Chhattisgarh,CT_Balrampur,Balrampur,111,39,72,0,0,0,0,0,0,,
117,CT,Chhattisgarh,CT_Bametara,Bametara,45,7,38,0,0,0,0,0,0,,
118,CT,Chhattisgarh,CT_Bastar,Bastar,5,0,4,1,0,0,0,0,0,,
119,CT,Chhattisgarh,CT_Bijapur,Bijapur,0,0,0,0,0,0,0,0,0,,
120,CT,Chhattisgarh,CT_Bilaspur,Bilaspur,172,0,170,2,0,0,-5,5,0,,
121,CT,Chhattisgarh,CT_Dakshin Bastar Dantewada,Dakshin Bastar Dantewada,2,0,2,0,0,0,0,0,0,,
122,CT,Chhattisgarh,CT_Dhamtari,Dhamtari,8,1,6,1,0,0,0,0,0,,
123,CT,Chhattisgarh,CT_Durg,Durg,108,45,60,3,0,0,-2,2,0,,
124,CT,Chhattisgarh,CT_Gariaband,Gariaband,26,10,16,0,0,0,-1,1,0,,
125,CT,Chhattisgarh,CT_Janjgir Champa,Janjgir Champa,220,113,107,0,0,5,-7,12,0,,
126,CT,Chhattisgarh,CT_Jashpur,Jashpur,122,40,82,0,0,0,0,0,0,,
127,CT,Chhattisgarh,CT_Kabeerdham,Kabeerdham,92,12,80,0,0,0,0,0,0,,
128,CT,Chhattisgarh,CT_Kondagaon,Kondagaon,3,1,2,0,0,0,0,0,0,,
129,CT,Chhattisgarh,CT_Korba,Korba,306,105,201,0,0,1,-27,28,0,,
130,CT,Chhattisgarh,CT_Koriya,Koriya,56,7,49,0,0,0,-7,7,0,,
131,CT,Chhattisgarh,CT_Mahasamund,Mahasamund,82,8,73,1,0,0,-4,4,0,,
132,CT,Chhattisgarh,CT_Mungeli,Mungeli,121,17,104,0,0,0,-1,1,0,,
133,CT,Chhattisgarh,CT_Narayanpur,Narayanpur,9,7,2,0,0,0,0,0,0,,
134,CT,Chhattisgarh,CT_Raigarh,Raigarh,94,21,72,1,0,3,2,1,0,,
135,CT,Chhattisgarh,CT_Raipur,Raipur,233,105,127,1,0,3,-2,5,0,,
136,CT,Chhattisgarh,CT_Rajnandgaon,Rajnandgaon,207,117,88,2,0,0,-3,3,0,,
137,CT,Chhattisgarh,CT_Sukma,Sukma,3,3,0,0,0,0,0,0,0,,
138,CT,Chhattisgarh,CT_Surajpur,Surajpur,21,3,18,0,0,0,-1,1,0,,
139,CT,Chhattisgarh,CT_Surguja,Surguja,49,24,25,0,0,0,0,0,0,,
140,CT,Chhattisgarh,CT_Uttar Bastar Kanker,Uttar Bastar Kanker,31,6,25,0,0,0,0,0,0,,
766,CT,Chhattisgarh,CT_Gaurela Pendra Marwahi,Gaurela Pendra Marwahi,3,0,3,0,0,0,0,0,0,,
144,DL,Delhi,DL_Central Delhi,Central Delhi,184,184,0,0,0,0,0,0,0,,
145,DL,Delhi,DL_East Delhi,East Delhi,38,38,0,0,0,0,0,0,0,,
146,DL,Delhi,DL_New Delhi,New Delhi,37,37,0,0,0,0,0,0,0,,
147,DL,Delhi,DL_North Delhi,North Delhi,60,60,0,0,0,0,0,0,0,,
148,DL,Delhi,DL_North East Delhi,North East Delhi,25,25,0,0,0,0,0,0,0,,
149,DL,Delhi,DL_North West Delhi,North West Delhi,32,31,0,1,0,0,0,0,0,,
150,DL,Delhi,DL_Shahdara,Shahdara,48,48,0,0,0,0,0,0,0,,
151,DL,Delhi,DL_South Delhi,South Delhi,70,70,0,0,0,0,0,0,0,,
152,DL,Delhi,DL_South East Delhi,South East Delhi,130,130,0,0,0,0,0,0,0,,
153,DL,Delhi,DL_South West Delhi,South West Delhi,42,42,0,0,0,0,0,0,0,,
154,DL,Delhi,DL_West Delhi,West Delhi,122,122,0,0,0,0,0,0,0,,
0,DN,Dadra and Nagar Haveli and Daman and Diu,DN_Other State,Other State,0,0,0,0,0,0,0,0,0,,
141,DN,Dadra and Nagar Haveli and Daman and Diu,DN_Dadra and Nagar Haveli,Dadra and Nagar Haveli,68,41,26,0,1,0,0,0,0,,
142,DN,Dadra and Nagar Haveli and Daman and Diu,DN_Daman,Daman,41,40,1,0,0,0,0,0,0,,
143,DN,Dadra and Nagar Haveli and Daman and Diu,DN_Diu,Diu,12,12,0,0,0,0,0,0,0,,
0,GA,Goa,GA_Other State,Other State,4,4,0,0,0,0,0,0,0,,
155,GA,Goa,GA_North Goa,North Goa,6,-1,6,1,0,0,0,0,0,,
156,GA,Goa,GA_South Goa,South Goa,377,316,61,0,0,0,0,0,0,,
0,GJ,Gujarat,GJ_Other State,Other State,60,51,8,1,0,0,0,0,0,,
157,GJ,Gujarat,GJ_Ahmedabad,Ahmedabad,19386,3589,14434,1363,0,0,0,0,0,,
158,GJ,Gujarat,GJ_Amreli,Amreli,47,25,17,5,0,0,0,0,0,,
159,GJ,Gujarat,GJ_Anand,Anand,158,11,134,13,0,0,0,0,0,,
160,GJ,Gujarat,GJ_Aravalli,Aravalli,177,23,139,15,0,0,0,0,0,,
161,GJ,Gujarat,GJ_Banaskantha,Banaskantha,167,17,142,8,0,0,0,0,0,,
162,GJ,Gujarat,GJ_Bharuch,Bharuch,162,77,79,6,0,0,0,0,0,,
163,GJ,Gujarat,GJ_Bhavnagar,Bhavnagar,208,56,139,13,0,0,0,0,0,,
164,GJ,Gujarat,GJ_Botad,Botad,76,12,62,2,0,0,0,0,0,,
165,GJ,Gujarat,GJ_Chhota Udaipur,Chhota Udaipur,43,4,37,2,0,0,0,0,0,,
167,GJ,Gujarat,GJ_Dahod,Dahod,53,10,43,0,0,0,0,0,0,,
187,GJ,Gujarat,GJ_Dang,Dang,4,0,4,0,0,0,0,0,0,,
166,GJ,Gujarat,GJ_Devbhumi Dwarka,Devbhumi Dwarka,20,5,14,1,0,0,0,0,0,,
168,GJ,Gujarat,GJ_Gandhinagar,Gandhinagar,580,189,366,25,0,0,0,0,0,,
169,GJ,Gujarat,GJ_Gir Somnath,Gir Somnath,58,11,47,0,0,0,0,0,0,,
170,GJ,Gujarat,GJ_Jamnagar,Jamnagar,147,76,68,3,0,0,0,0,0,,
171,GJ,Gujarat,GJ_Junagadh,Junagadh,66,26,39,1,0,0,0,0,0,,
173,GJ,Gujarat,GJ_Kheda,Kheda,133,36,92,5,0,0,0,0,0,,
172,GJ,Gujarat,GJ_Kutch,Kutch,106,15,86,5,0,0,0,0,0,,
175,GJ,Gujarat,GJ_Mahisagar,Mahisagar,130,20,108,2,0,0,0,0,0,,
174,GJ,Gujarat,GJ_Mehsana,Mehsana,220,73,136,11,0,0,0,0,0,,
176,GJ,Gujarat,GJ_Morbi,Morbi,10,4,5,1,0,0,0,0,0,,
177,GJ,Gujarat,GJ_Narmada,Narmada,59,29,30,0,0,0,0,0,0,,
178,GJ,Gujarat,GJ_Navsari,Navsari,53,14,38,1,0,0,0,0,0,,
179,GJ,Gujarat,GJ_Panchmahal,Panchmahal,144,15,114,15,0,0,0,0,0,,
180,GJ,Gujarat,GJ_Patan,Patan,149,40,98,11,0,0,0,0,0,,
181,GJ,Gujarat,GJ_Porbandar,Porbandar,14,2,10,2,0,0,0,0,0,,
182,GJ,Gujarat,GJ_Rajkot,Rajkot,188,86,97,5,0,0,0,0,0,,
183,GJ,Gujarat,GJ_Sabarkantha,Sabarkantha,155,48,100,7,0,0,0,0,0,,
184,GJ,Gujarat,GJ_Surat,Surat,3540,935,2471,134,0,0,0,0,0,,
185,GJ,Gujarat,GJ_Surendranagar,Surendranagar,91,37,50,4,0,0,0,0,0,,
186,GJ,Gujarat,GJ_Tapi,Tapi,10,5,5,0,0,0,0,0,0,,
188,GJ,Gujarat,GJ_Vadodara,Vadodara,1940,631,1262,47,0,0,0,0,0,,
189,GJ,Gujarat,GJ_Valsad,Valsad,75,25,47,3,0,0,0,0,0,,
212,HP,Himachal Pradesh,HP_Bilaspur,Bilaspur,37,14,23,0,0,0,0,0,0,,
213,HP,Himachal Pradesh,HP_Chamba,Chamba,46,10,35,0,1,0,0,0,0,,
214,HP,Himachal Pradesh,HP_Hamirpur,Hamirpur,205,90,114,1,0,0,-3,3,0,,
215,HP,Himachal Pradesh,HP_Kangra,Kangra,208,84,122,2,0,0,-2,2,0,Death of Tibetan refugee on March 22 included in Kangra district's tally,
216,HP,Himachal Pradesh,HP_Kinnaur,Kinnaur,3,0,3,0,0,0,0,0,0,,
217,HP,Himachal Pradesh,HP_Kullu,Kullu,5,1,4,0,0,0,0,0,0,,
218,HP,Himachal Pradesh,HP_Lahaul and Spiti,Lahaul and Spiti,0,0,0,0,0,0,0,0,0,,
219,HP,Himachal Pradesh,HP_Mandi,Mandi,24,2,20,2,0,0,0,0,0,,
220,HP,Himachal Pradesh,HP_Shimla,Shimla,36,19,14,2,1,0,-1,1,0,,
221,HP,Himachal Pradesh,HP_Sirmaur,Sirmaur,34,10,17,0,7,0,0,0,0,,
222,HP,Himachal Pradesh,HP_Solan,Solan,84,50,30,0,4,3,3,0,0,,
223,HP,Himachal Pradesh,HP_Una,Una,96,37,59,0,0,0,-3,3,0,,
0,HR,Haryana,HR_Foreign Evacuees,Foreign Evacuees,21,15,6,0,0,0,-1,1,0,,
190,HR,Haryana,HR_Ambala,Ambala,292,112,177,3,0,0,-10,10,0,,
191,HR,Haryana,HR_Bhiwani,Bhiwani,316,228,85,3,0,19,19,0,0,,
192,HR,Haryana,HR_Charkhi Dadri,Charkhi Dadri,69,23,45,1,0,9,7,2,0,,
193,HR,Haryana,HR_Faridabad,Faridabad,2596,1304,1228,64,0,0,0,0,0,,
194,HR,Haryana,HR_Fatehabad,Fatehabad,94,27,67,0,0,0,0,0,0,,
195,HR,Haryana,HR_Gurugram,Gurugram,4729,1916,2744,69,0,84,84,0,0,,
196,HR,Haryana,HR_Hisar,Hisar,206,104,101,1,0,0,0,0,0,,
0,HR,Haryana,HR_Italians,Italians,14,0,14,0,0,0,0,0,0,,
197,HR,Haryana,HR_Jhajjar,Jhajjar,208,73,132,3,0,7,7,0,0,,
198,HR,Haryana,HR_Jind,Jind,96,56,36,4,0,3,3,0,0,,
199,HR,Haryana,HR_Kaithal,Kaithal,70,18,52,0,0,0,0,0,0,,
200,HR,Haryana,HR_Karnal,Karnal,236,87,146,3,0,0,0,0,0,,
201,HR,Haryana,HR_Kurukshetra,Kurukshetra,111,45,66,0,0,0,0,0,0,,
202,HR,Haryana,HR_Mahendragarh,Mahendragarh,200,63,137,0,0,0,-12,12,0,,
203,HR,Haryana,HR_Nuh,Nuh,160,32,128,0,0,2,-5,7,0,,
204,HR,Haryana,HR_Palwal,Palwal,268,88,178,2,0,5,5,0,0,,
205,HR,Haryana,HR_Panchkula,Panchkula,97,47,50,0,0,0,-1,1,0,,
206,HR,Haryana,HR_Panipat,Panipat,137,33,98,6,0,0,0,0,0,,
207,HR,Haryana,HR_Rewari,Rewari,212,165,46,1,0,42,42,0,0,,
208,HR,Haryana,HR_Rohtak,Rohtak,481,69,405,7,0,22,-4,26,0,,
209,HR,Haryana,HR_Sirsa,Sirsa,90,20,70,0,0,0,-3,3,0,,
210,HR,Haryana,HR_Sonipat,Sonipat,925,399,515,11,0,0,0,0,0,,
211,HR,Haryana,HR_Yamunanagar,Yamunanagar,90,40,50,0,0,5,-11,16,0,,
246,JH,Jharkhand,JH_Bokaro,Bokaro,36,7,27,2,0,0,0,0,0,,
247,JH,Jharkhand,JH_Chatra,Chatra,43,7,36,0,0,0,0,0,0,,
248,JH,Jharkhand,JH_Deoghar,Deoghar,32,22,10,0,0,0,0,0,0,,
249,JH,Jharkhand,JH_Dhanbad,Dhanbad,122,13,109,0,0,0,0,0,0,,
250,JH,Jharkhand,JH_Dumka,Dumka,10,6,4,0,0,0,0,0,0,,
264,JH,Jharkhand,JH_East Singhbhum,East Singhbhum,330,162,168,0,0,0,0,0,0,,
251,JH,Jharkhand,JH_Garhwa,Garhwa,97,11,86,0,0,0,0,0,0,,
252,JH,Jharkhand,JH_Giridih,Giridih,72,20,51,1,0,0,0,0,0,,
253,JH,Jharkhand,JH_Godda,Godda,8,7,1,0,0,0,0,0,0,,
254,JH,Jharkhand,JH_Gumla,Gumla,105,37,67,1,0,0,0,0,0,,
255,JH,Jharkhand,JH_Hazaribagh,Hazaribagh,170,47,122,1,0,0,0,0,0,,
256,JH,Jharkhand,JH_Jamtara,Jamtara,28,8,20,0,0,0,0,0,0,,
257,JH,Jharkhand,JH_Khunti,Khunti,23,0,23,0,0,0,0,0,0,,
258,JH,Jharkhand,JH_Koderma,Koderma,166,56,109,1,0,0,0,0,0,,
259,JH,Jharkhand,JH_Latehar,Latehar,54,8,46,0,0,0,0,0,0,,
260,JH,Jharkhand,JH_Lohardaga,Lohardaga,52,15,37,0,0,0,0,0,0,,
261,JH,Jharkhand,JH_Pakur,Pakur,30,0,30,0,0,0,0,0,0,,
262,JH,Jharkhand,JH_Palamu,Palamu,49,4,45,0,0,0,0,0,0,,
265,JH,Jharkhand,JH_Ramgarh,Ramgarh,120,32,88,0,0,0,0,0,0,,
266,JH,Jharkhand,JH_Ranchi,Ranchi,201,52,144,5,0,0,0,0,0,,
267,JH,Jharkhand,JH_Sahibganj,Sahibganj,4,1,3,0,0,0,0,0,0,,
268,JH,Jharkhand,JH_Saraikela-Kharsawan,Saraikela-Kharsawan,36,7,29,0,0,0,0,0,0,,
269,JH,Jharkhand,JH_Simdega,Simdega,348,120,228,0,0,0,0,0,0,,
263,JH,Jharkhand,JH_West Singhbhum,West Singhbhum,57,20,37,0,0,0,0,0,0,,
224,JK,Jammu and Kashmir,JK_Anantnag,Anantnag,614,165,443,6,0,0,0,0,0,,
226,JK,Jammu and Kashmir,JK_Bandipora,Bandipora,278,48,229,1,0,0,0,0,0,,
227,JK,Jammu and Kashmir,JK_Baramulla,Baramulla,633,348,271,14,0,0,0,0,0,,
225,JK,Jammu and Kashmir,JK_Budgam,Budgam,346,192,148,6,0,0,0,0,0,,
228,JK,Jammu and Kashmir,JK_Doda,Doda,70,18,51,1,0,0,0,0,0,,
229,JK,Jammu and Kashmir,JK_Ganderbal,Ganderbal,73,14,59,0,0,0,0,0,0,,
230,JK,Jammu and Kashmir,JK_Jammu,Jammu,311,71,233,7,0,0,0,0,0,,
231,JK,Jammu and Kashmir,JK_Kathua,Kathua,201,86,115,0,0,0,0,0,0,,
232,JK,Jammu and Kashmir,JK_Kishtwar,Kishtwar,25,10,15,0,0,0,0,0,0,,
233,JK,Jammu and Kashmir,JK_Kulgam,Kulgam,709,216,482,11,0,0,0,0,0,,
234,JK,Jammu and Kashmir,JK_Kupwara,Kupwara,460,124,331,5,0,0,0,0,0,,
235,JK,Jammu and Kashmir,JK_Mirpur,Mirpur,0,0,0,0,0,0,0,0,0,,
236,JK,Jammu and Kashmir,JK_Muzaffarabad,Muzaffarabad,0,0,0,0,0,0,0,0,0,,
237,JK,Jammu and Kashmir,JK_Pulwama,Pulwama,368,207,157,4,0,0,0,0,0,,
238,JK,Jammu and Kashmir,JK_Punch,Punch,115,30,85,0,0,0,0,0,0,,
239,JK,Jammu and Kashmir,JK_Rajouri,Rajouri,83,47,35,1,0,0,0,0,0,,
240,JK,Jammu and Kashmir,JK_Ramban,Ramban,213,79,134,0,0,0,0,0,0,,
241,JK,Jammu and Kashmir,JK_Reasi,Reasi,35,11,24,0,0,0,0,0,0,,
242,JK,Jammu and Kashmir,JK_Samba,Samba,129,70,59,0,0,0,0,0,0,,
243,JK,Jammu and Kashmir,JK_Shopiyan,Shopiyan,636,203,423,10,0,0,0,0,0,,
244,JK,Jammu and Kashmir,JK_Srinagar,Srinagar,723,477,226,20,0,0,0,0,0,,
245,JK,Jammu and Kashmir,JK_Udhampur,Udhampur,214,91,122,1,0,0,0,0,0,,
270,KA,Karnataka,KA_Bagalkote,Bagalkote,137,36,100,1,0,0,0,0,0,,
271,KA,Karnataka,KA_Ballari,Ballari,529,376,145,8,0,34,30,0,4,,
272,KA,Karnataka,KA_Belagavi,Belagavi,312,22,289,1,0,1,-6,7,0,,
274,KA,Karnataka,KA_Bengaluru Rural,Bengaluru Rural,58,46,11,1,0,7,7,0,0,,
273,KA,Karnataka,KA_Bengaluru Urban,Bengaluru Urban,1678,1123,476,78,1,173,127,41,5,,
275,KA,Karnataka,KA_Bidar,Bidar,529,136,378,15,0,5,-7,12,0,,
276,KA,Karnataka,KA_Chamarajanagara,Chamarajanagara,8,7,1,0,0,2,2,0,0,,
277,KA,Karnataka,KA_Chikkaballapura,Chikkaballapura,180,30,147,2,1,8,8,0,0,,
278,KA,Karnataka,KA_Chikkamagaluru,Chikkamagaluru,43,19,23,1,0,1,-3,4,0,,
279,KA,Karnataka,KA_Chitradurga,Chitradurga,47,6,41,0,0,2,2,0,0,,
280,KA,Karnataka,KA_Dakshina Kannada,Dakshina Kannada,457,202,246,7,2,12,12,0,0,,
281,KA,Karnataka,KA_Davanagere,Davanagere,275,41,227,7,0,8,7,1,0,,
282,KA,Karnataka,KA_Dharwad,Dharwad,218,117,98,3,0,12,5,7,0,,
283,KA,Karnataka,KA_Gadag,Gadag,94,50,42,2,0,6,6,0,0,,
284,KA,Karnataka,KA_Hassan,Hassan,299,85,213,1,0,1,1,0,0,,
285,KA,Karnataka,KA_Haveri,Haveri,44,19,25,0,0,0,0,0,0,,
286,KA,Karnataka,KA_Kalaburagi,Kalaburagi,1254,412,829,13,0,22,-30,50,2,,
287,KA,Karnataka,KA_Kodagu,Kodagu,8,5,3,0,0,2,0,2,0,,
288,KA,Karnataka,KA_Kolar,Kolar,80,44,36,0,0,6,2,4,0,,
289,KA,Karnataka,KA_Koppal,Koppal,44,25,18,1,0,11,9,2,0,,
290,KA,Karnataka,KA_Mandya,Mandya,373,39,334,0,0,2,2,0,0,,
291,KA,Karnataka,KA_Mysuru,Mysuru,196,86,110,0,0,7,7,0,0,,
0,KA,Karnataka,KA_Other State,Other State,36,1,32,3,0,0,0,0,0,,
292,KA,Karnataka,KA_Raichur,Raichur,443,134,307,2,0,9,9,0,0,,
293,KA,Karnataka,KA_Ramanagara,Ramanagara,114,104,6,4,0,22,20,0,2,,
294,KA,Karnataka,KA_Shivamogga,Shivamogga,119,30,88,1,0,3,3,0,0,,
295,KA,Karnataka,KA_Tumakuru,Tumakuru,57,15,39,3,0,1,0,0,1,,
296,KA,Karnataka,KA_Udupi,Udupi,1102,122,978,2,0,14,5,9,0,,
297,KA,Karnataka,KA_Uttara Kannada,Uttara Kannada,156,44,112,0,0,9,9,0,0,,
298,KA,Karnataka,KA_Vijayapura,Vijayapura,321,82,232,7,0,4,-6,10,0,,
299,KA,Karnataka,KA_Yadgir,Yadgir,907,339,567,1,0,13,13,0,0,,
0,KL,Kerala,KL_Other State,Other State,2,2,0,0,0,0,0,0,0,,
300,KL,Kerala,KL_Alappuzha,Alappuzha,224,127,96,1,0,15,2,13,0,,
301,KL,Kerala,KL_Ernakulam,Ernakulam,199,114,83,1,1,8,4,4,0,,
302,KL,Kerala,KL_Idukki,Idukki,92,55,37,0,0,6,4,2,0,,
303,KL,Kerala,KL_Kannur,Kannur,375,107,263,5,0,17,7,10,0,,
304,KL,Kerala,KL_Kasaragod,Kasaragod,417,132,285,0,0,6,6,0,0,,
305,KL,Kerala,KL_Kollam,Kollam,270,181,87,2,0,18,17,1,0,,
306,KL,Kerala,KL_Kottayam,Kottayam,178,91,86,1,0,7,4,3,0,,
307,KL,Kerala,KL_Kozhikode,Kozhikode,220,73,146,1,0,3,-32,35,0,,
308,KL,Kerala,KL_Malappuram,Malappuram,379,190,186,3,0,10,3,7,0,,
309,KL,Kerala,KL_Palakkad,Palakkad,424,207,215,1,1,16,15,1,0,,
310,KL,Kerala,KL_Pathanamthitta,Pathanamthitta,249,179,70,0,0,25,24,1,0,,
311,KL,Kerala,KL_Thiruvananthapuram,Thiruvananthapuram,180,61,115,4,0,4,4,0,0,,
312,KL,Kerala,KL_Thrissur,Thrissur,317,140,174,3,0,15,11,4,0,,
313,KL,Kerala,KL_Wayanad,Wayanad,78,32,45,1,0,2,2,0,0,,
314,LA,Ladakh,LA_Kargil,Kargil,690,503,187,0,0,0,-119,119,0,,
315,LA,Ladakh,LA_Leh,Leh,242,154,87,1,0,0,-7,7,0,,
316,LD,Lakshadweep,LD_Lakshadweep,Lakshadweep,0,0,0,0,0,0,0,0,0,,
369,MH,Maharashtra,MH_Ahmednagar,Ahmednagar,300,64,224,12,0,0,0,0,0,,
370,MH,Maharashtra,MH_Akola,Akola,1272,417,788,66,1,0,0,0,0,,
371,MH,Maharashtra,MH_Amravati,Amravati,463,127,312,24,0,0,0,0,0,,
372,MH,Maharashtra,MH_Aurangabad,Aurangabad,3686,1503,1982,201,0,0,0,0,0,,
374,MH,Maharashtra,MH_Beed,Beed,102,31,68,3,0,0,0,0,0,,
373,MH,Maharashtra,MH_Bhandara,Bhandara,77,28,49,0,0,0,0,0,0,,
375,MH,Maharashtra,MH_Buldhana,Buldhana,176,50,117,9,0,0,0,0,0,,
376,MH,Maharashtra,MH_Chandrapur,Chandrapur,60,16,44,0,0,0,0,0,0,,
377,MH,Maharashtra,MH_Dhule,Dhule,587,188,350,47,2,0,0,0,0,,
378,MH,Maharashtra,MH_Gadchiroli,Gadchiroli,60,12,47,1,0,0,0,0,0,,
379,MH,Maharashtra,MH_Gondia,Gondia,101,29,72,0,0,0,0,0,0,,
380,MH,Maharashtra,MH_Hingoli,Hingoli,262,35,226,1,0,0,0,0,0,,
381,MH,Maharashtra,MH_Jalgaon,Jalgaon,2476,1020,1267,189,0,0,0,0,0,,
382,MH,Maharashtra,MH_Jalna,Jalna,395,125,259,11,0,0,0,0,0,,
383,MH,Maharashtra,MH_Kolhapur,Kolhapur,750,51,691,8,0,0,0,0,0,,
384,MH,Maharashtra,MH_Latur,Latur,227,65,149,13,0,0,0,0,0,,
385,MH,Maharashtra,MH_Mumbai,Mumbai,68410,29982,34576,3844,8,0,0,0,0,,
386,MH,Maharashtra,MH_Mumbai Suburban,Mumbai Suburban,0,0,0,0,0,0,0,0,0,,
387,MH,Maharashtra,MH_Nagpur,Nagpur,1352,442,897,13,0,0,0,0,0,,
388,MH,Maharashtra,MH_Nanded,Nanded,295,106,178,11,0,0,0,0,0,,
389,MH,Maharashtra,MH_Nandurbar,Nandurbar,89,32,52,5,0,0,0,0,0,,
390,MH,Maharashtra,MH_Nashik,Nashik,2965,1166,1620,179,0,0,0,0,0,,
391,MH,Maharashtra,MH_Osmanabad,Osmanabad,183,47,130,6,0,0,0,0,0,,
0,MH,Maharashtra,MH_Other State,Other State,117,97,0,20,0,0,0,0,0,,
392,MH,Maharashtra,MH_Palghar,Palghar,3866,2619,1154,93,0,0,0,0,0,,
393,MH,Maharashtra,MH_Parbhani,Parbhani,85,7,74,4,0,0,0,0,0,,
394,MH,Maharashtra,MH_Pune,Pune,16907,7141,9142,624,0,0,0,0,0,,
395,MH,Maharashtra,MH_Raigad,Raigad,2714,908,1711,93,2,0,0,0,0,,
396,MH,Maharashtra,MH_Ratnagiri,Ratnagiri,504,129,352,23,0,0,0,0,0,,
397,MH,Maharashtra,MH_Sangli,Sangli,302,121,172,9,0,0,0,0,0,,
398,MH,Maharashtra,MH_Satara,Satara,868,195,632,40,1,0,0,0,0,,
399,MH,Maharashtra,MH_Sindhudurg,Sindhudurg,164,16,144,4,0,0,0,0,0,,
400,MH,Maharashtra,MH_Solapur,Solapur,2345,960,1170,215,0,0,0,0,0,,
401,MH,Maharashtra,MH_Thane,Thane,26506,14988,10766,751,1,0,0,0,0,,
402,MH,Maharashtra,MH_Wardha,Wardha,14,2,11,1,0,0,0,0,0,,
403,MH,Maharashtra,MH_Washim,Washim,79,32,44,3,0,0,0,0,0,,
404,MH,Maharashtra,MH_Yavatmal,Yavatmal,251,82,161,8,0,0,0,0,0,,
421,ML,Meghalaya,ML_East Garo Hills,East Garo Hills,0,0,0,0,0,0,0,0,0,,
422,ML,Meghalaya,ML_East Jaintia Hills,East Jaintia Hills,0,0,0,0,0,0,0,0,0,,
423,ML,Meghalaya,ML_East Khasi Hills,East Khasi Hills,25,7,17,1,0,0,0,0,0,,
424,ML,Meghalaya,ML_North Garo Hills,North Garo Hills,1,0,1,0,0,0,0,0,0,,
425,ML,Meghalaya,ML_Ribhoi,Ribhoi,0,0,0,0,0,0,0,0,0,,
426,ML,Meghalaya,ML_South Garo Hills,South Garo Hills,0,0,0,0,0,0,0,0,0,,
427,ML,Meghalaya,ML_South West Garo Hills,South West Garo Hills,7,3,4,0,0,0,0,0,0,,
428,ML,Meghalaya,ML_South West Khasi Hills,South West Khasi Hills,0,0,0,0,0,0,0,0,0,,
429,ML,Meghalaya,ML_West Garo Hills,West Garo Hills,5,1,4,0,0,0,0,0,0,,
430,ML,Meghalaya,ML_West Jaintia Hills,West Jaintia Hills,5,0,5,0,0,0,0,0,0,,
431,ML,Meghalaya,ML_West Khasi Hills,West Khasi Hills,1,1,0,0,0,0,0,0,0,,
405,MN,Manipur,MN_Bishnupur,Bishnupur,77,68,9,0,0,0,0,0,0,,
406,MN,Manipur,MN_Chandel,Chandel,38,34,4,0,0,0,0,0,0,,
407,MN,Manipur,MN_Churachandpur,Churachandpur,114,70,44,0,0,11,11,0,0,,
408,MN,Manipur,MN_Imphal East,Imphal East,35,19,16,0,0,2,2,0,0,,
409,MN,Manipur,MN_Imphal West,Imphal West,74,35,39,0,0,3,3,0,0,,
410,MN,Manipur,MN_Jiribam,Jiribam,3,1,2,0,0,1,1,0,0,,
411,MN,Manipur,MN_Kakching,Kakching,69,51,18,0,0,5,5,0,0,,
412,MN,Manipur,MN_Kamjong,Kamjong,55,40,15,0,0,5,5,0,0,,
413,MN,Manipur,MN_Kangpokpi,Kangpokpi,101,83,18,0,0,2,2,0,0,,
414,MN,Manipur,MN_Noney,Noney,23,9,14,0,0,1,1,0,0,,
415,MN,Manipur,MN_Pherzawl,Pherzawl,32,29,3,0,0,0,0,0,0,,
416,MN,Manipur,MN_Senapati,Senapati,88,79,9,0,0,5,5,0,0,,
417,MN,Manipur,MN_Tamenglong,Tamenglong,107,89,18,0,0,2,2,0,0,,
418,MN,Manipur,MN_Tengnoupal,Tengnoupal,14,1,13,0,0,0,0,0,0,,
419,MN,Manipur,MN_Thoubal,Thoubal,41,19,22,0,0,1,1,0,0,,
420,MN,Manipur,MN_Ukhrul,Ukhrul,99,85,14,0,0,11,11,0,0,,
317,MP,Madhya Pradesh,MP_Agar Malwa,Agar Malwa,16,1,14,1,0,0,0,0,0,,
318,MP,Madhya Pradesh,MP_Alirajpur,Alirajpur,3,0,3,0,0,0,0,0,0,,
319,MP,Madhya Pradesh,MP_Anuppur,Anuppur,29,0,29,0,0,0,-4,4,0,,
320,MP,Madhya Pradesh,MP_Ashoknagar,Ashoknagar,43,2,40,1,0,0,0,0,0,,
321,MP,Madhya Pradesh,MP_Balaghat,Balaghat,20,8,12,0,0,0,0,0,0,,
322,MP,Madhya Pradesh,MP_Barwani,Barwani,92,21,68,3,0,3,1,2,0,,
323,MP,Madhya Pradesh,MP_Betul,Betul,47,10,37,0,0,0,0,0,0,,
324,MP,Madhya Pradesh,MP_Bhind,Bhind,173,60,113,0,0,22,21,1,0,,
325,MP,Madhya Pradesh,MP_Bhopal,Bhopal,2601,668,1842,91,0,45,5,35,5,,
326,MP,Madhya Pradesh,MP_Burhanpur,Burhanpur,391,6,362,23,0,1,1,0,0,,
327,MP,Madhya Pradesh,MP_Chhatarpur,Chhatarpur,53,5,48,0,0,0,-3,3,0,,
328,MP,Madhya Pradesh,MP_Chhindwara,Chhindwara,43,20,21,2,0,0,0,0,0,,
329,MP,Madhya Pradesh,MP_Damoh,Damoh,31,4,27,0,0,1,1,0,0,,
330,MP,Madhya Pradesh,MP_Datia,Datia,21,0,20,1,0,0,0,0,0,,
331,MP,Madhya Pradesh,MP_Dewas,Dewas,206,36,160,10,0,0,-22,22,0,,
332,MP,Madhya Pradesh,MP_Dhar,Dhar,155,20,130,5,0,4,4,0,0,,
333,MP,Madhya Pradesh,MP_Dindori,Dindori,30,1,29,0,0,0,0,0,0,,
335,MP,Madhya Pradesh,MP_Guna,Guna,12,2,9,1,0,0,0,0,0,,
336,MP,Madhya Pradesh,MP_Gwalior,Gwalior,309,52,255,2,0,11,5,6,0,,
337,MP,Madhya Pradesh,MP_Harda,Harda,26,8,17,1,0,1,-7,8,0,,
338,MP,Madhya Pradesh,MP_Hoshangabad,Hoshangabad,41,4,34,3,0,0,0,0,0,,
339,MP,Madhya Pradesh,MP_Indore,Indore,4461,964,3290,207,0,34,18,12,4,,
340,MP,Madhya Pradesh,MP_Jabalpur,Jabalpur,372,62,296,14,0,7,1,6,0,,
341,MP,Madhya Pradesh,MP_Jhabua,Jhabua,15,1,13,1,0,0,0,0,0,,
342,MP,Madhya Pradesh,MP_Katni,Katni,15,10,3,2,0,0,0,0,0,,
334,MP,Madhya Pradesh,MP_Khandwa,Khandwa,292,12,263,17,0,0,-1,1,0,,
368,MP,Madhya Pradesh,MP_Khargone,Khargone,269,43,212,14,0,5,-1,6,0,,
343,MP,Madhya Pradesh,MP_Mandla,Mandla,6,1,4,1,0,0,0,0,0,,
344,MP,Madhya Pradesh,MP_Mandsaur,Mandsaur,101,4,88,9,0,0,-2,2,0,,
345,MP,Madhya Pradesh,MP_Morena,Morena,214,66,147,1,0,19,16,3,0,,
346,MP,Madhya Pradesh,MP_Narsinghpur,Narsinghpur,30,11,19,0,0,1,-1,2,0,,
347,MP,Madhya Pradesh,MP_Neemuch,Neemuch,432,32,393,7,0,4,1,3,0,,
348,MP,Madhya Pradesh,MP_Niwari,Niwari,8,8,0,0,0,0,0,0,0,,
0,MP,Madhya Pradesh,MP_Other Region,Other Region,0,0,0,0,0,0,0,0,0,,
349,MP,Madhya Pradesh,MP_Panna,Panna,29,7,22,0,0,3,2,1,0,,
350,MP,Madhya Pradesh,MP_Raisen,Raisen,108,25,78,5,0,5,5,0,0,,
351,MP,Madhya Pradesh,MP_Rajgarh,Rajgarh,81,40,36,5,0,0,-1,1,0,,
352,MP,Madhya Pradesh,MP_Ratlam,Ratlam,141,18,117,6,0,4,0,4,0,,
353,MP,Madhya Pradesh,MP_Rewa,Rewa,43,4,38,1,0,0,0,0,0,,
354,MP,Madhya Pradesh,MP_Sagar,Sagar,302,61,222,19,0,9,5,4,0,,
355,MP,Madhya Pradesh,MP_Satna,Satna,27,5,20,2,0,2,2,0,0,,
356,MP,Madhya Pradesh,MP_Sehore,Sehore,13,2,9,2,0,0,0,0,0,,
357,MP,Madhya Pradesh,MP_Seoni,Seoni,11,9,2,0,0,0,0,0,0,,
358,MP,Madhya Pradesh,MP_Shahdol,Shahdol,17,2,15,0,0,0,0,0,0,,
359,MP,Madhya Pradesh,MP_Shajapur,Shajapur,53,12,38,3,0,0,0,0,0,,
360,MP,Madhya Pradesh,MP_Sheopur,Sheopur,68,11,55,2,0,3,3,0,0,,
361,MP,Madhya Pradesh,MP_Shivpuri,Shivpuri,31,10,21,0,0,0,-1,1,0,,
362,MP,Madhya Pradesh,MP_Sidhi,Sidhi,20,2,17,1,0,1,1,0,0,,
363,MP,Madhya Pradesh,MP_Singrauli,Singrauli,16,4,12,0,0,0,0,0,0,,
364,MP,Madhya Pradesh,MP_Tikamgarh,Tikamgarh,30,15,14,1,0,1,1,0,0,,
365,MP,Madhya Pradesh,MP_Ujjain,Ujjain,849,70,710,69,0,1,-10,11,0,,
366,MP,Madhya Pradesh,MP_Umaria,Umaria,10,0,9,1,0,0,0,0,0,,
367,MP,Madhya Pradesh,MP_Vidisha,Vidisha,42,2,40,0,0,0,0,0,0,,
432,MZ,Mizoram,MZ_Aizawl,Aizawl,35,25,10,0,0,2,2,0,0,,
433,MZ,Mizoram,MZ_Champhai,Champhai,8,8,0,0,0,0,0,0,0,,
729,MZ,Mizoram,MZ_Hnahthial,Hnahthial,0,0,0,0,0,0,0,0,0,,
730,MZ,Mizoram,MZ_Khawzawl,Khawzawl,3,3,0,0,0,0,0,0,0,,
434,MZ,Mizoram,MZ_Kolasib,Kolasib,11,4,7,0,0,0,0,0,0,,
435,MZ,Mizoram,MZ_Lawngtlai,Lawngtlai,8,8,0,0,0,0,0,0,0,,
436,MZ,Mizoram,MZ_Lunglei,Lunglei,47,47,0,0,0,1,1,0,0,,
437,MZ,Mizoram,MZ_Mamit,Mamit,18,17,1,0,0,0,0,0,0,,
438,MZ,Mizoram,MZ_Saiha,Saiha,9,9,0,0,0,0,0,0,0,,
728,MZ,Mizoram,MZ_Saitual,Saitual,3,2,1,0,0,0,0,0,0,,
439,MZ,Mizoram,MZ_Serchhip,Serchhip,3,3,0,0,0,0,0,0,0,,
0,NL,Nagaland,NL_Others,Others,6,6,0,0,0,0,0,0,0,,
440,NL,Nagaland,NL_Dimapur,Dimapur,57,48,9,0,0,0,-5,5,0,,
441,NL,Nagaland,NL_Kiphire,Kiphire,4,4,0,0,0,0,0,0,0,,
442,NL,Nagaland,NL_Kohima,Kohima,26,24,2,0,0,0,-2,2,0,,
443,NL,Nagaland,NL_Longleng,Longleng,1,1,0,0,0,0,0,0,0,,
444,NL,Nagaland,NL_Mokokchung,Mokokchung,0,0,0,0,0,0,0,0,0,,
445,NL,Nagaland,NL_Mon,Mon,48,48,0,0,0,0,0,0,0,,
446,NL,Nagaland,NL_Peren,Peren,161,159,2,0,0,0,0,0,0,,
447,NL,Nagaland,NL_Phek,Phek,2,2,0,0,0,0,0,0,0,,
448,NL,Nagaland,NL_Tuensang,Tuensang,13,13,0,0,0,0,0,0,0,,
449,NL,Nagaland,NL_Wokha,Wokha,9,9,0,0,0,0,0,0,0,,
450,NL,Nagaland,NL_Zunheboto,Zunheboto,3,3,0,0,0,0,0,0,0,,
0,OR,Odisha,OR_Others,Others,8,8,0,0,0,8,8,0,0,Includes NDRF-ODRF returnees after West Bengal Amphan duty,
451,OR,Odisha,OR_Angul,Angul,57,13,44,0,0,1,-3,4,0,,
452,OR,Odisha,OR_Balangir,Balangir,154,11,143,0,0,1,1,0,0,,
453,OR,Odisha,OR_Balasore,Balasore,323,107,215,1,0,3,-4,7,0,,
454,OR,Odisha,OR_Bargarh,Bargarh,68,33,34,1,0,0,-1,1,0,,
456,OR,Odisha,OR_Bhadrak,Bhadrak,200,21,179,0,0,0,-1,1,0,,
455,OR,Odisha,OR_Boudh,Boudh,40,2,38,0,0,0,0,0,0,,
457,OR,Odisha,OR_Cuttack,Cuttack,491,82,405,4,0,4,-2,6,0,,
458,OR,Odisha,OR_Deogarh,Deogarh,41,1,40,0,0,0,0,0,0,,
459,OR,Odisha,OR_Dhenkanal,Dhenkanal,66,15,51,0,0,0,0,0,0,,
460,OR,Odisha,OR_Gajapati,Gajapati,355,257,98,0,0,76,76,0,0,,
461,OR,Odisha,OR_Ganjam,Ganjam,1030,293,729,8,0,75,26,49,0,,
462,OR,Odisha,OR_Jagatsinghpur,Jagatsinghpur,239,88,151,0,0,11,-3,14,0,,
463,OR,Odisha,OR_Jajpur,Jajpur,393,52,341,0,0,6,2,4,0,,
464,OR,Odisha,OR_Jharsuguda,Jharsuguda,76,57,19,0,0,23,22,1,0,,
465,OR,Odisha,OR_Kalahandi,Kalahandi,70,13,57,0,0,0,-16,16,0,,
466,OR,Odisha,OR_Kandhamal,Kandhamal,176,31,145,0,0,17,17,0,0,,
467,OR,Odisha,OR_Kendrapara,Kendrapara,220,34,186,0,0,0,-2,2,0,,
468,OR,Odisha,OR_Kendujhar,Kendujhar,100,28,72,0,0,0,-2,2,0,,
469,OR,Odisha,OR_Khordha,Khordha,688,227,455,6,0,26,7,19,0,,
470,OR,Odisha,OR_Koraput,Koraput,26,9,17,0,0,1,1,0,0,,
471,OR,Odisha,OR_Malkangiri,Malkangiri,53,9,44,0,0,0,0,0,0,,
472,OR,Odisha,OR_Mayurbhanj,Mayurbhanj,165,44,120,1,0,6,5,1,0,,
473,OR,Odisha,OR_Nabarangapur,Nabarangapur,13,10,2,1,0,0,0,0,0,,
474,OR,Odisha,OR_Nayagarh,Nayagarh,132,21,111,0,0,1,1,0,0,,
475,OR,Odisha,OR_Nuapada,Nuapada,79,2,77,0,0,0,0,0,0,,
476,OR,Odisha,OR_Puri,Puri,224,67,155,2,0,9,5,4,0,,
477,OR,Odisha,OR_Rayagada,Rayagada,22,15,7,0,0,0,0,0,0,,
478,OR,Odisha,OR_Sambalpur,Sambalpur,44,20,24,0,0,13,12,1,0,,
479,OR,Odisha,OR_Subarnapur,Subarnapur,35,4,31,0,0,0,0,0,0,,
480,OR,Odisha,OR_Sundargarh,Sundargarh,164,31,133,0,0,1,-2,3,0,,
485,PB,Punjab,PB_Amritsar,Amritsar,806,249,523,34,0,14,12,0,2,,
486,PB,Punjab,PB_Barnala,Barnala,46,17,27,2,0,0,0,0,0,,
487,PB,Punjab,PB_Bathinda,Bathinda,85,21,64,0,0,6,6,0,0,,
488,PB,Punjab,PB_Faridkot,Faridkot,100,13,87,0,0,1,1,0,0,,
489,PB,Punjab,PB_Fatehgarh Sahib,Fatehgarh Sahib,101,21,80,0,0,1,-3,4,0,,
490,PB,Punjab,PB_Fazilka,Fazilka,75,25,50,0,0,0,0,0,0,,
491,PB,Punjab,PB_Ferozepur,Ferozepur,81,32,46,3,0,4,4,0,0,,
492,PB,Punjab,PB_Gurdaspur,Gurdaspur,196,25,168,3,0,1,1,0,0,,
493,PB,Punjab,PB_Hoshiarpur,Hoshiarpur,165,20,140,5,0,0,0,0,0,,
494,PB,Punjab,PB_Jalandhar,Jalandhar,645,312,315,18,0,43,39,0,4,,
495,PB,Punjab,PB_Kapurthala,Kapurthala,76,27,44,5,0,9,8,0,1,,
496,PB,Punjab,PB_Ludhiana,Ludhiana,642,191,433,18,0,27,-14,41,0,,
497,PB,Punjab,PB_Mansa,Mansa,43,8,35,0,0,1,1,0,0,,
498,PB,Punjab,PB_Moga,Moga,86,11,74,1,0,1,1,0,0,,
499,PB,Punjab,PB_Pathankot,Pathankot,195,53,137,5,0,7,7,0,0,,
500,PB,Punjab,PB_Patiala,Patiala,235,93,137,5,0,9,4,5,0,,
501,PB,Punjab,PB_Rupnagar,Rupnagar,94,17,76,1,0,3,1,2,0,,
502,PB,Punjab,PB_S.A.S. Nagar,S.A.S. Nagar,224,51,170,3,0,5,5,0,0,,
503,PB,Punjab,PB_Sangrur,Sangrur,303,156,140,7,0,64,63,0,1,,
504,PB,Punjab,PB_Shahid Bhagat Singh Nagar,Shahid Bhagat Singh Nagar,126,7,118,1,0,1,1,0,0,,
505,PB,Punjab,PB_Sri Muktsar Sahib,Sri Muktsar Sahib,117,45,72,0,0,33,33,0,0,,
506,PB,Punjab,PB_Tarn Taran,Tarn Taran,186,21,163,2,0,0,0,0,0,,
481,PY,Puducherry,PY_Karaikal,Karaikal,14,11,3,0,0,0,0,0,0,,
482,PY,Puducherry,PY_Mahe,Mahe,10,1,9,0,0,1,1,0,0,,
483,PY,Puducherry,PY_Puducherry,Puducherry,436,263,164,9,0,58,47,11,0,,
484,PY,Puducherry,PY_Yanam,Yanam,1,1,0,0,0,0,0,0,0,,
507,RJ,Rajasthan,RJ_Ajmer,Ajmer,468,46,408,14,0,0,-11,11,0,,
508,RJ,Rajasthan,RJ_Alwar,Alwar,368,61,302,5,0,0,0,0,0,,
509,RJ,Rajasthan,RJ_Banswara,Banswara,92,0,90,2,0,0,0,0,0,,
510,RJ,Rajasthan,RJ_Baran,Baran,64,2,58,4,0,2,2,0,0,,
511,RJ,Rajasthan,RJ_Barmer,Barmer,213,87,124,2,0,0,0,0,0,,
512,RJ,Rajasthan,RJ_Bharatpur,Bharatpur,1399,318,1050,31,0,23,2,20,1,,
513,RJ,Rajasthan,RJ_Bhilwara,Bhilwara,239,53,181,5,0,0,0,0,0,,
514,RJ,Rajasthan,RJ_Bikaner,Bikaner,200,73,117,10,0,0,-3,0,3,,
0,RJ,Rajasthan,RJ_BSF Camp,BSF Camp,50,0,50,0,0,0,0,0,0,,
515,RJ,Rajasthan,RJ_Bundi,Bundi,12,2,10,0,0,2,2,0,0,,
516,RJ,Rajasthan,RJ_Chittorgarh,Chittorgarh,208,6,196,6,0,0,0,0,0,,
517,RJ,Rajasthan,RJ_Churu,Churu,278,100,176,2,0,0,0,0,0,,
518,RJ,Rajasthan,RJ_Dausa,Dausa,117,22,92,3,0,4,3,0,1,,
519,RJ,Rajasthan,RJ_Dholpur,Dholpur,531,380,148,3,0,63,-18,81,0,,
520,RJ,Rajasthan,RJ_Dungarpur,Dungarpur,417,34,383,0,0,2,1,1,0,,
0,RJ,Rajasthan,RJ_Evacuees,Evacuees,61,0,61,0,0,0,0,0,0,,
521,RJ,Rajasthan,RJ_Ganganagar,Ganganagar,48,34,11,3,0,0,-1,0,1,,
522,RJ,Rajasthan,RJ_Hanumangarh,Hanumangarh,54,14,40,0,0,0,-5,5,0,,
0,RJ,Rajasthan,RJ_Italians,Italians,2,0,2,0,0,0,0,0,0,,
523,RJ,Rajasthan,RJ_Jaipur,Jaipur,3059,568,2340,151,0,53,53,0,0,,
524,RJ,Rajasthan,RJ_Jaisalmer,Jaisalmer,98,18,80,0,0,0,0,0,0,,
525,RJ,Rajasthan,RJ_Jalore,Jalore,252,65,185,2,0,0,-12,12,0,,
526,RJ,Rajasthan,RJ_Jhalawar,Jhalawar,374,23,351,0,0,4,-1,5,0,,
527,RJ,Rajasthan,RJ_Jhunjhunu,Jhunjhunu,321,32,288,1,0,3,-19,22,0,,
528,RJ,Rajasthan,RJ_Jodhpur,Jodhpur,2499,345,2117,37,0,0,-50,50,0,,
529,RJ,Rajasthan,RJ_Karauli,Karauli,74,38,32,4,0,0,0,0,0,,
530,RJ,Rajasthan,RJ_Kota,Kota,575,31,522,22,0,10,5,4,1,,
531,RJ,Rajasthan,RJ_Nagaur,Nagaur,606,66,528,12,0,5,5,0,0,,
0,RJ,Rajasthan,RJ_Other State,Other State,88,65,0,23,0,0,0,0,0,,
532,RJ,Rajasthan,RJ_Pali,Pali,992,184,800,8,0,0,0,0,0,,
533,RJ,Rajasthan,RJ_Pratapgarh,Pratapgarh,14,0,13,1,0,0,0,0,0,,
534,RJ,Rajasthan,RJ_Rajsamand,Rajsamand,217,48,168,1,0,2,2,0,0,,
535,RJ,Rajasthan,RJ_Sawai Madhopur,Sawai Madhopur,89,28,56,5,0,3,3,0,0,,
536,RJ,Rajasthan,RJ_Sikar,Sikar,482,86,390,6,0,5,5,0,0,,
537,RJ,Rajasthan,RJ_Sirohi,Sirohi,384,119,260,5,0,0,0,0,0,,
538,RJ,Rajasthan,RJ_Tonk,Tonk,200,11,188,1,0,0,0,0,0,,
539,RJ,Rajasthan,RJ_Udaipur,Udaipur,664,54,607,3,0,1,1,0,0,,
540,SK,Sikkim,SK_East Sikkim,East Sikkim,25,24,1,0,0,0,0,0,0,,
541,SK,Sikkim,SK_North Sikkim,North Sikkim,0,0,0,0,0,0,0,0,0,,
542,SK,Sikkim,SK_South Sikkim,South Sikkim,35,17,18,0,0,4,4,0,0,,
543,SK,Sikkim,SK_West Sikkim,West Sikkim,21,11,10,0,0,0,-9,9,0,,
0,TG,Telangana,TG_Foreign Evacuees,Foreign Evacuees,33,33,0,0,0,0,0,0,0,,
0,TG,Telangana,TG_Other State,Other State,250,250,0,0,0,0,0,0,0,,
576,TG,Telangana,TG_Adilabad,Adilabad,34,19,15,0,0,0,0,0,0,,
577,TG,Telangana,TG_Bhadradri Kothagudem,Bhadradri Kothagudem,6,2,4,0,0,0,0,0,0,,
578,TG,Telangana,TG_Hyderabad,Hyderabad,6877,6549,305,23,0,0,0,0,0,,
579,TG,Telangana,TG_Jagtial,Jagtial,18,16,2,0,0,0,0,0,0,,
580,TG,Telangana,TG_Jangaon,Jangaon,75,74,1,0,0,0,0,0,0,,
581,TG,Telangana,TG_Jayashankar Bhupalapally,Jayashankar Bhupalapally,6,6,0,0,0,0,0,0,0,,
582,TG,Telangana,TG_Jogulamba Gadwal,Jogulamba Gadwal,46,20,25,1,0,0,0,0,0,,
583,TG,Telangana,TG_Kamareddy,Kamareddy,32,24,8,0,0,0,0,0,0,,
584,TG,Telangana,TG_Karimnagar,Karimnagar,64,48,16,0,0,0,0,0,0,,
585,TG,Telangana,TG_Khammam,Khammam,26,23,3,0,0,0,0,0,0,,
586,TG,Telangana,TG_Komaram Bheem,Komaram Bheem,21,19,2,0,0,0,0,0,0,,
587,TG,Telangana,TG_Mahabubabad,Mahabubabad,10,9,1,0,0,0,0,0,0,,
588,TG,Telangana,TG_Mahabubnagar,Mahabubnagar,55,47,8,0,0,0,0,0,0,,
589,TG,Telangana,TG_Mancherial,Mancherial,25,24,0,1,0,0,0,0,0,,
590,TG,Telangana,TG_Medak,Medak,44,40,4,0,0,0,0,0,0,,
591,TG,Telangana,TG_Medchal Malkajgiri,Medchal Malkajgiri,300,290,9,1,0,0,0,0,0,,
592,TG,Telangana,TG_Mulugu,Mulugu,12,10,2,0,0,0,0,0,0,,
593,TG,Telangana,TG_Nagarkurnool,Nagarkurnool,13,11,2,0,0,0,0,0,0,,
594,TG,Telangana,TG_Nalgonda,Nalgonda,32,20,12,0,0,0,0,0,0,,
595,TG,Telangana,TG_Narayanpet,Narayanpet,3,2,0,1,0,0,0,0,0,,
596,TG,Telangana,TG_Nirmal,Nirmal,26,13,13,0,0,0,0,0,0,,
597,TG,Telangana,TG_Nizamabad,Nizamabad,77,47,30,0,0,0,0,0,0,,
598,TG,Telangana,TG_Peddapalli,Peddapalli,5,4,1,0,0,0,0,0,0,,
599,TG,Telangana,TG_Rajanna Sircilla,Rajanna Sircilla,10,8,2,0,0,0,0,0,0,,
600,TG,Telangana,TG_Ranga Reddy,Ranga Reddy,641,622,17,2,0,0,0,0,0,,
601,TG,Telangana,TG_Sangareddy,Sangareddy,92,86,6,0,0,0,0,0,0,,
602,TG,Telangana,TG_Siddipet,Siddipet,10,9,1,0,0,0,0,0,0,,
603,TG,Telangana,TG_Suryapet,Suryapet,88,64,24,0,0,0,0,0,0,,
604,TG,Telangana,TG_Vikarabad,Vikarabad,44,28,15,1,0,0,0,0,0,,
605,TG,Telangana,TG_Wanaparthy,Wanaparthy,5,5,0,0,0,0,0,0,0,,
606,TG,Telangana,TG_Warangal Rural,Warangal Rural,31,31,0,0,0,0,0,0,0,,
607,TG,Telangana,TG_Warangal Urban,Warangal Urban,71,48,23,0,0,0,0,0,0,,
608,TG,Telangana,TG_Yadadri Bhuvanagiri,Yadadri Bhuvanagiri,15,15,0,0,0,0,0,0,0,,
0,TN,Tamil Nadu,TN_Railway Quarantine,Railway Quarantine,402,205,197,0,0,1,-4,5,0,,
0,TN,Tamil Nadu,TN_Airport Quarantine,Airport Quarantine,484,293,190,1,0,54,50,4,0,,
0,TN,Tamil Nadu,TN_Other State,Other State,0,-3,0,3,0,0,0,0,0,,
544,TN,Tamil Nadu,TN_Ariyalur,Ariyalur,440,50,390,0,0,8,7,1,0,,
732,TN,Tamil Nadu,TN_Chengalpattu,Chengalpattu,4202,1826,2316,60,0,172,-120,289,3,,
545,TN,Tamil Nadu,TN_Chennai,Chennai,45814,18677,26472,665,0,1609,-216,1802,23,,
546,TN,Tamil Nadu,TN_Coimbatore,Coimbatore,314,143,170,1,0,22,16,6,0,,
547,TN,Tamil Nadu,TN_Cuddalore,Cuddalore,892,365,522,5,0,42,29,13,0,,
548,TN,Tamil Nadu,TN_Dharmapuri,Dharmapuri,45,26,19,0,0,2,1,1,0,,
549,TN,Tamil Nadu,TN_Dindigul,Dindigul,367,139,224,4,0,10,6,4,0,,
550,TN,Tamil Nadu,TN_Erode,Erode,89,15,72,2,0,2,1,0,1,,
734,TN,Tamil Nadu,TN_Kallakurichi,Kallakurichi,448,122,325,1,0,11,-3,14,0,,
551,TN,Tamil Nadu,TN_Kancheepuram,Kancheepuram,1375,711,647,17,0,89,50,36,3,,
552,TN,Tamil Nadu,TN_Kanyakumari,Kanyakumari,200,96,103,1,0,20,17,3,0,,
553,TN,Tamil Nadu,TN_Karur,Karur,129,39,90,0,0,9,8,1,0,,
554,TN,Tamil Nadu,TN_Krishnagiri,Krishnagiri,71,37,32,2,0,4,4,0,0,,
555,TN,Tamil Nadu,TN_Madurai,Madurai,1073,641,423,9,0,85,67,18,0,,
556,TN,Tamil Nadu,TN_Nagapattinam,Nagapattinam,228,155,73,0,0,63,62,1,0,,
557,TN,Tamil Nadu,TN_Namakkal,Namakkal,90,3,86,1,0,1,1,0,0,,
564,TN,Tamil Nadu,TN_Nilgiris,Nilgiris,48,31,17,0,0,0,0,0,0,,
558,TN,Tamil Nadu,TN_Perambalur,Perambalur,168,22,146,0,0,5,5,0,0,,
559,TN,Tamil Nadu,TN_Pudukkottai,Pudukkottai,101,61,38,2,0,13,11,2,0,,
560,TN,Tamil Nadu,TN_Ramanathapuram,Ramanathapuram,338,190,144,4,0,-1,-12,10,1,,
733,TN,Tamil Nadu,TN_Ranipet,Ranipet,545,242,301,2,0,-6,-10,4,0,,
561,TN,Tamil Nadu,TN_Salem,Salem,404,187,215,2,0,57,51,5,1,,
562,TN,Tamil Nadu,TN_Sivaganga,Sivaganga,110,51,58,1,0,7,2,5,0,,
731,TN,Tamil Nadu,TN_Tenkasi,Tenkasi,277,167,110,0,0,5,5,0,0,,
563,TN,Tamil Nadu,TN_Thanjavur,Thanjavur,335,184,150,1,0,16,0,16,0,,
565,TN,Tamil Nadu,TN_Theni,Theni,365,229,134,2,0,81,76,5,0,,
566,TN,Tamil Nadu,TN_Thiruvallur,Thiruvallur,2907,1394,1468,45,0,81,82,-2,1,,
567,TN,Tamil Nadu,TN_Thiruvarur,Thiruvarur,272,160,112,0,0,31,27,4,0,,
568,TN,Tamil Nadu,TN_Thoothukkudi,Thoothukkudi,732,278,450,4,0,54,19,35,0,,
569,TN,Tamil Nadu,TN_Tiruchirappalli,Tiruchirappalli,434,225,206,3,0,82,55,27,0,,
570,TN,Tamil Nadu,TN_Tirunelveli,Tirunelveli,680,242,433,5,0,32,31,1,0,,
735,TN,Tamil Nadu,TN_Tirupathur,Tirupathur,87,44,43,0,0,12,10,2,0,,
571,TN,Tamil Nadu,TN_Tiruppur,Tiruppur,121,5,116,0,0,1,1,0,0,,
572,TN,Tamil Nadu,TN_Tiruvannamalai,Tiruvannamalai,1372,819,546,7,0,59,22,37,0,,
573,TN,Tamil Nadu,TN_Vellore,Vellore,580,424,153,3,0,54,15,39,0,,
574,TN,Tamil Nadu,TN_Viluppuram,Viluppuram,654,218,424,12,0,37,9,28,0,,
575,TN,Tamil Nadu,TN_Virudhunagar,Virudhunagar,275,126,148,1,0,41,33,8,0,,
609,TR,Tripura,TR_Dhalai,Dhalai,209,8,201,0,0,0,0,0,0,,
610,TR,Tripura,TR_Gomati,Gomati,122,35,87,0,0,0,0,0,0,,
611,TR,Tripura,TR_Khowai,Khowai,43,17,26,0,0,0,0,0,0,,
612,TR,Tripura,TR_North Tripura,North Tripura,22,9,13,0,0,0,0,0,0,,
613,TR,Tripura,TR_Sipahijala,Sipahijala,545,267,278,0,0,0,0,0,0,,
614,TR,Tripura,TR_South Tripura,South Tripura,106,32,74,0,0,0,0,0,0,,
615,TR,Tripura,TR_Unokoti,Unokoti,68,19,49,0,0,0,0,0,0,,
616,TR,Tripura,TR_West Tripura,West Tripura,148,68,79,1,0,0,0,0,0,,
617,UP,Uttar Pradesh,UP_Agra,Agra,1150,122,944,84,0,0,0,0,0,,
618,UP,Uttar Pradesh,UP_Aligarh,Aligarh,404,174,208,22,0,0,0,0,0,,
619,UP,Uttar Pradesh,UP_Ambedkar Nagar,Ambedkar Nagar,113,20,89,4,0,0,0,0,0,,
620,UP,Uttar Pradesh,UP_Amethi,Amethi,275,39,235,1,0,0,0,0,0,,
621,UP,Uttar Pradesh,UP_Amroha,Amroha,114,36,76,2,0,0,0,0,0,,
622,UP,Uttar Pradesh,UP_Auraiya,Auraiya,93,38,53,2,0,0,0,0,0,,
765,UP,Uttar Pradesh,UP_Ayodhya,Ayodhya,230,78,148,4,0,0,0,0,0,,
623,UP,Uttar Pradesh,UP_Azamgarh,Azamgarh,179,15,158,6,0,0,0,0,0,,
624,UP,Uttar Pradesh,UP_Baghpat,Baghpat,224,82,139,3,0,0,0,0,0,,
625,UP,Uttar Pradesh,UP_Bahraich,Bahraich,121,14,106,1,0,0,0,0,0,,
626,UP,Uttar Pradesh,UP_Ballia,Ballia,99,37,62,0,0,0,0,0,0,,
627,UP,Uttar Pradesh,UP_Balrampur,Balrampur,57,6,50,1,0,0,0,0,0,,
628,UP,Uttar Pradesh,UP_Banda,Banda,41,11,30,0,0,0,0,0,0,,
629,UP,Uttar Pradesh,UP_Barabanki,Barabanki,291,77,213,1,0,0,0,0,0,,
630,UP,Uttar Pradesh,UP_Bareilly,Bareilly,194,85,105,4,0,0,0,0,0,,
631,UP,Uttar Pradesh,UP_Basti,Basti,328,86,229,13,0,0,0,0,0,,
632,UP,Uttar Pradesh,UP_Bhadohi,Bhadohi,117,41,75,1,0,0,0,0,0,,
633,UP,Uttar Pradesh,UP_Bijnor,Bijnor,230,27,198,5,0,0,0,0,0,,
634,UP,Uttar Pradesh,UP_Budaun,Budaun,98,42,54,2,0,0,0,0,0,,
635,UP,Uttar Pradesh,UP_Bulandshahr,Bulandshahr,523,245,259,19,0,0,0,0,0,,
636,UP,Uttar Pradesh,UP_Chandauli,Chandauli,84,46,37,1,0,0,0,0,0,,
637,UP,Uttar Pradesh,UP_Chitrakoot,Chitrakoot,90,18,70,2,0,0,0,0,0,,
638,UP,Uttar Pradesh,UP_Deoria,Deoria,178,40,134,4,0,0,0,0,0,,
639,UP,Uttar Pradesh,UP_Etah,Etah,102,53,42,7,0,0,0,0,0,,
640,UP,Uttar Pradesh,UP_Etawah,Etawah,221,112,101,8,0,0,0,0,0,,
642,UP,Uttar Pradesh,UP_Farrukhabad,Farrukhabad,115,56,56,3,0,0,0,0,0,,
643,UP,Uttar Pradesh,UP_Fatehpur,Fatehpur,113,17,96,0,0,0,0,0,0,,
644,UP,Uttar Pradesh,UP_Firozabad,Firozabad,474,112,341,21,0,0,0,0,0,,
645,UP,Uttar Pradesh,UP_Gautam Buddha Nagar,Gautam Buddha Nagar,1575,607,949,19,0,0,0,0,0,,
646,UP,Uttar Pradesh,UP_Ghaziabad,Ghaziabad,976,414,513,49,0,0,0,0,0,,
647,UP,Uttar Pradesh,UP_Ghazipur,Ghazipur,293,83,208,2,0,0,0,0,0,,
648,UP,Uttar Pradesh,UP_Gonda,Gonda,147,34,110,3,0,0,0,0,0,,
649,UP,Uttar Pradesh,UP_Gorakhpur,Gorakhpur,246,66,169,11,0,0,0,0,0,,
650,UP,Uttar Pradesh,UP_Hamirpur,Hamirpur,69,30,38,1,0,0,0,0,0,,
651,UP,Uttar Pradesh,UP_Hapur,Hapur,542,324,207,11,0,0,0,0,0,,
652,UP,Uttar Pradesh,UP_Hardoi,Hardoi,191,53,135,3,0,0,0,0,0,,
653,UP,Uttar Pradesh,UP_Hathras,Hathras,144,70,71,3,0,0,0,0,0,,
654,UP,Uttar Pradesh,UP_Jalaun,Jalaun,148,69,73,6,0,0,0,0,0,,
655,UP,Uttar Pradesh,UP_Jaunpur,Jaunpur,482,128,347,7,0,0,0,0,0,,
656,UP,Uttar Pradesh,UP_Jhansi,Jhansi,112,46,54,12,0,0,0,0,0,,
657,UP,Uttar Pradesh,UP_Kannauj,Kannauj,213,75,137,1,0,0,0,0,0,,
658,UP,Uttar Pradesh,UP_Kanpur Dehat,Kanpur Dehat,55,17,37,1,0,0,0,0,0,,
659,UP,Uttar Pradesh,UP_Kanpur Nagar,Kanpur Nagar,987,364,583,40,0,0,0,0,0,,
660,UP,Uttar Pradesh,UP_Kasganj,Kasganj,43,12,31,0,0,0,0,0,0,,
661,UP,Uttar Pradesh,UP_Kaushambi,Kaushambi,64,11,53,0,0,0,0,0,0,,
663,UP,Uttar Pradesh,UP_Kushinagar,Kushinagar,96,40,54,2,0,0,0,0,0,,
662,UP,Uttar Pradesh,UP_Lakhimpur Kheri,Lakhimpur Kheri,107,25,82,0,0,0,0,0,0,,
664,UP,Uttar Pradesh,UP_Lalitpur,Lalitpur,5,2,2,1,0,0,0,0,0,,
665,UP,Uttar Pradesh,UP_Lucknow,Lucknow,868,331,524,13,0,0,0,0,0,,
667,UP,Uttar Pradesh,UP_Maharajganj,Maharajganj,149,58,88,3,0,0,0,0,0,,
666,UP,Uttar Pradesh,UP_Mahoba,Mahoba,53,31,21,1,0,0,0,0,0,,
668,UP,Uttar Pradesh,UP_Mainpuri,Mainpuri,211,79,125,7,0,0,0,0,0,,
669,UP,Uttar Pradesh,UP_Mathura,Mathura,276,133,132,11,0,0,0,0,0,,
670,UP,Uttar Pradesh,UP_Mau,Mau,93,31,59,3,0,0,0,0,0,,
671,UP,Uttar Pradesh,UP_Meerut,Meerut,837,260,502,75,0,0,0,0,0,,
672,UP,Uttar Pradesh,UP_Mirzapur,Mirzapur,70,25,44,1,0,0,0,0,0,,
673,UP,Uttar Pradesh,UP_Moradabad,Moradabad,392,102,273,17,0,0,0,0,0,,
674,UP,Uttar Pradesh,UP_Muzaffarnagar,Muzaffarnagar,247,81,158,8,0,0,0,0,0,,
675,UP,Uttar Pradesh,UP_Pilibhit,Pilibhit,106,43,63,0,0,0,0,0,0,,
676,UP,Uttar Pradesh,UP_Pratapgarh,Pratapgarh,108,14,89,5,0,0,0,0,0,,
677,UP,Uttar Pradesh,UP_Prayagraj,Prayagraj,211,59,144,8,0,0,0,0,0,,
678,UP,Uttar Pradesh,UP_Rae Bareli,Rae Bareli,119,12,104,3,0,0,0,0,0,,
679,UP,Uttar Pradesh,UP_Rampur,Rampur,316,58,255,3,0,0,0,0,0,,
680,UP,Uttar Pradesh,UP_Saharanpur,Saharanpur,357,90,267,0,0,0,0,0,0,,
681,UP,Uttar Pradesh,UP_Sambhal,Sambhal,283,105,174,4,0,0,0,0,0,,
682,UP,Uttar Pradesh,UP_Sant Kabir Nagar,Sant Kabir Nagar,199,44,148,7,0,0,0,0,0,,
683,UP,Uttar Pradesh,UP_Shahjahanpur,Shahjahanpur,99,49,50,0,0,0,0,0,0,,
684,UP,Uttar Pradesh,UP_Shamli,Shamli,103,47,55,1,0,0,0,0,0,,
685,UP,Uttar Pradesh,UP_Shrawasti,Shrawasti,53,6,46,1,0,0,0,0,0,,
686,UP,Uttar Pradesh,UP_Siddharthnagar,Siddharthnagar,233,69,156,8,0,0,0,0,0,,
687,UP,Uttar Pradesh,UP_Sitapur,Sitapur,58,12,46,0,0,0,0,0,0,,
688,UP,Uttar Pradesh,UP_Sonbhadra,Sonbhadra,33,4,29,0,0,0,0,0,0,,
689,UP,Uttar Pradesh,UP_Sultanpur,Sultanpur,177,67,109,1,0,0,0,0,0,,
690,UP,Uttar Pradesh,UP_Unnao,Unnao,129,69,58,2,0,0,0,0,0,,
691,UP,Uttar Pradesh,UP_Varanasi,Varanasi,360,111,236,13,0,0,0,0,0,,
692,UT,Uttarakhand,UT_Almora,Almora,163,66,95,2,0,0,-11,11,0,,
693,UT,Uttarakhand,UT_Bageshwar,Bageshwar,63,16,46,1,0,0,0,0,0,,
694,UT,Uttarakhand,UT_Chamoli,Chamoli,67,23,44,0,0,0,-2,2,0,,
695,UT,Uttarakhand,UT_Champawat,Champawat,50,5,44,1,0,0,0,0,0,,
696,UT,Uttarakhand,UT_Dehradun,Dehradun,642,163,446,20,13,10,-15,22,3,,
697,UT,Uttarakhand,UT_Haridwar,Haridwar,298,151,143,0,4,1,-8,9,0,,
698,UT,Uttarakhand,UT_Nainital,Nainital,376,106,268,2,0,0,0,0,0,,
699,UT,Uttarakhand,UT_Pauri Garhwal,Pauri Garhwal,138,85,50,3,0,9,9,0,0,,
700,UT,Uttarakhand,UT_Pithoragarh,Pithoragarh,64,37,27,0,0,0,0,0,0,,
701,UT,Uttarakhand,UT_Rudraprayag,Rudraprayag,62,22,39,1,0,0,0,0,0,,
702,UT,Uttarakhand,UT_Tehri Garhwal,Tehri Garhwal,399,76,321,2,0,7,5,0,2,,
703,UT,Uttarakhand,UT_Udham Singh Nagar,Udham Singh Nagar,184,78,103,3,0,6,-1,7,0,,
704,UT,Uttarakhand,UT_Uttarkashi,Uttarkashi,62,35,27,0,0,0,0,0,0,,
705,WB,West Bengal,WB_Alipurduar,Alipurduar,177,109,68,0,0,0,0,0,0,,
706,WB,West Bengal,WB_Bankura,Bankura,218,60,158,0,0,0,0,0,0,,
707,WB,West Bengal,WB_Birbhum,Birbhum,289,39,248,2,0,0,0,0,0,,
708,WB,West Bengal,WB_Cooch Behar,Cooch Behar,288,24,264,0,0,0,0,0,0,,
709,WB,West Bengal,WB_Dakshin Dinajpur,Dakshin Dinajpur,162,92,70,0,0,0,0,0,0,,
710,WB,West Bengal,WB_Darjeeling,Darjeeling,348,163,180,5,0,0,0,0,0,,
711,WB,West Bengal,WB_Hooghly,Hooghly,805,164,622,19,0,0,0,0,0,,
712,WB,West Bengal,WB_Howrah,Howrah,2194,603,1509,82,0,0,0,0,0,,
713,WB,West Bengal,WB_Jalpaiguri,Jalpaiguri,316,134,182,0,0,0,0,0,0,,
714,WB,West Bengal,WB_Jhargram,Jhargram,19,0,19,0,0,0,0,0,0,,
715,WB,West Bengal,WB_Kalimpong,Kalimpong,52,11,40,1,0,0,0,0,0,,
716,WB,West Bengal,WB_Kolkata,Kolkata,4815,1877,2599,339,0,0,0,0,0,,
717,WB,West Bengal,WB_Malda,Malda,461,173,288,0,0,0,0,0,0,,
719,WB,West Bengal,WB_Murshidabad,Murshidabad,206,46,157,3,0,0,0,0,0,,
720,WB,West Bengal,WB_Nadia,Nadia,272,109,158,5,0,0,0,0,0,,
721,WB,West Bengal,WB_North 24 Parganas,North 24 Parganas,2101,735,1276,90,0,0,0,0,0,,
0,WB,West Bengal,WB_Other State,Other State,66,5,58,3,0,0,0,0,0,,
722,WB,West Bengal,WB_Paschim Bardhaman,Paschim Bardhaman,123,23,97,3,0,0,0,0,0,,
718,WB,West Bengal,WB_Paschim Medinipur,Paschim Medinipur,341,44,294,3,0,0,0,0,0,,
723,WB,West Bengal,WB_Purba Bardhaman,Purba Bardhaman,151,19,132,0,0,0,0,0,0,,
724,WB,West Bengal,WB_Purba Medinipur,Purba Medinipur,272,97,171,4,0,0,0,0,0,,
725,WB,West Bengal,WB_Purulia,Purulia,87,3,84,0,0,0,0,0,0,,
726,WB,West Bengal,WB_South 24 Parganas,South 24 Parganas,711,359,331,21,0,0,0,0,0,,
727,WB,West Bengal,WB_Uttar Dinajpur,Uttar Dinajpur,254,41,213,0,0,0,0,0,0,,
728,AN,Andaman and Nicobar Islands,AN_Unknown,Unknown,20,12,8,0,0,0,0,0,0,,
729,AP,Andhra Pradesh,AP_Unknown,Unknown,0,0,0,0,0,0,0,0,0,,
730,AR,Arunachal Pradesh,AR_Unknown,Unknown,0,0,0,0,0,0,0,0,0,,
731,AS,Assam,AS_Unknown,Unknown,2322,-532,2847,4,3,0,0,0,0,,
732,BR,Bihar,BR_Unknown,Unknown,0,0,0,0,0,0,0,0,0,,
733,CH,Chandigarh,CH_Unknown,Unknown,0,0,0,0,0,0,0,0,0,,
734,CT,Chhattisgarh,CT_Unknown,Unknown,0,0,0,0,0,0,0,0,0,,
735,DN,Dadra and Nagar Haveli and Daman and Diu,DN_Unknown,Unknown,0,0,0,0,0,0,0,0,0,,
737,DL,Delhi,DL_Unknown,Unknown,69602,25801,41437,2364,0,0,0,0,0,,
738,GA,Goa,GA_Unknown,Unknown,522,383,138,1,0,0,0,0,0,,
739,GJ,Gujarat,GJ_Unknown,Unknown,0,0,0,0,0,0,0,0,0,,
740,HR,Haryana,HR_Unknown,Unknown,0,0,0,0,0,0,0,0,0,,
741,HP,Himachal Pradesh,HP_Unknown,Unknown,0,0,0,0,0,0,0,0,0,,
742,JK,Jammu and Kashmir,JK_Unknown,Unknown,0,0,0,0,0,0,0,0,0,,
743,JH,Jharkhand,JH_Unknown,Unknown,0,0,0,0,0,0,0,0,0,,
744,KA,Karnataka,KA_Unknown,Unknown,0,0,0,0,0,0,0,0,0,,
745,KL,Kerala,KL_Unknown,Unknown,0,0,0,0,0,0,0,0,0,,
746,LA,Ladakh,LA_Unknown,Unknown,0,0,0,0,0,0,0,0,0,,
747,LD,Lakshadweep,LD_Unknown,Unknown,0,0,0,0,0,0,0,0,0,,
748,MP,Madhya Pradesh,MP_Unknown,Unknown,0,0,0,0,0,0,0,0,0,,
749,MH,Maharashtra,MH_Unknown,Unknown,0,0,0,0,0,0,0,0,0,,
750,MN,Manipur,MN_Unknown,Unknown,0,-70,70,0,0,0,0,0,0,,
751,ML,Meghalaya,ML_Unknown,Unknown,2,-8,10,0,0,0,0,0,0,,
752,MZ,Mizoram,MZ_Unknown,Unknown,0,0,0,0,0,0,0,0,0,,
753,NL,Nagaland,NL_Unknown,Unknown,17,-118,135,0,0,0,0,0,0,,
754,OR,Odisha,OR_Unknown,Unknown,0,0,0,0,0,0,0,0,0,,
755,PY,Puducherry,PY_Unknown,Unknown,0,0,0,0,0,0,0,0,0,,
756,PB,Punjab,PB_Unknown,Unknown,0,0,0,0,0,0,0,0,0,,
757,RJ,Rajasthan,RJ_Unknown,Unknown,0,0,0,0,0,0,0,0,0,,
758,SK,Sikkim,SK_Unknown,Unknown,2,-8,10,0,0,0,0,0,0,,
759,TN,Tamil Nadu,TN_Unknown,Unknown,0,0,0,0,0,0,0,0,0,,
760,TG,Telangana,TG_Unknown,Unknown,456,-3407,3673,190,0,0,0,0,0,,
761,TR,Tripura,TR_Unknown,Unknown,0,0,0,0,0,0,0,0,0,,
762,UP,Uttar Pradesh,UP_Unknown,Unknown,0,0,0,0,0,0,0,0,0,,
763,UT,Uttarakhand,UT_Unknown,Unknown,0,0,0,0,0,0,0,0,0,,
764,WB,West Bengal,WB_Unknown,Unknown,0,0,0,0,0,0,0,0,0,,